{
  "electronics": 84.29032258064517,
  "beauty": 89.35483870967742,
  "food": 89.19354838709677,
  "fashion": 93.93548387096774,
  "sports": 80.35483870967742,
  "health": 79.06451612903226,
  "home and lifestyle": 46.83870967741935
}
